indicator_id,sector,indicator_desc,variable,tooltip,Returnees,Out_Camp,In_Camp,icon,positive
a7,Household Profile,Average household size,Average household size,Average household size,1,1,1,noun_people in need_2919488,0
a8,Household Profile,Average family size ,Average family size ,Average family size ,1,1,1,noun_people in need_2919488,0
a10_child,Household Profile,Child family members,% child family members,of family members are children,1,1,1,noun_people in need_2919488,0
a10_adult,Household Profile,Adult family members,% adult family members,of family members are adults,1,1,1,noun_people in need_2919488,0
a10_elder,Household Profile,Elderly family members,% elderly family members,of family members are elderly,1,1,1,noun_people in need_2919488,0
a11,Household Profile,Single-headed households,"% of heads of household separated, divorced or widowed",of households are single-headed,1,1,1,noun_people in need_2919488,0
a14,Household Profile,Single female-headed households,"% of heads of household  who were female (separated, divorced or widowed)",of households are single <br>female-headed ,1,1,1,noun_people in need_2919488,0
a9_male,Protection - GBV ,Male family members,% male family members,of family members are male,1,1,1,noun_gender based violence_3247114,0
a9_female,Protection - GBV ,Female family members,% female family members,of family members are female,1,1,1,noun_gender based violence_3247114,0
g5,Education,Formal education,% of households where all children attended formal education regularly - at least 4 days a week prior to the COVID-19 outbreak,"of households reported all children <br>attending formal or informal education<br> regularly, prior to the COVID-19 outbreak",1,1,1,noun_School_2013970,1
g6,Education,Formal or informal Education,% of households where all children attended formal or informal education regularly - at least 4 days a week prior to the COVID-19 outbreak,"of households reported all children <br>attending formal education regularly, <br>prior to the COVID-19 outbreak",1,1,1,noun_School_2013970,1
g5,Protection - child protection,Formal education,% of households where all children attended formal education regularly - at least 4 days a week prior to the COVID-19 outbreak,"of households reported all children <br>attending formal or informal education<br> regularly, prior to the COVID-19 outbreak",1,1,1,noun_Child Protection_2919481,1
g6,Protection - child protection,Formal/informal education,% of households where all children attended formal or informal education regularly - at least 4 days a week prior to the COVID-19 outbreak,"of households reported all children <br>attending formal education regularly, <br>prior to the COVID-19 outbreak",1,1,1,noun_Child Protection_2919481,1
g8,Education,Nearby schools,% of households with a functional primary and secondary school within 5km,of households reported a functional primary<br> and secondary school within 5km,1,1,1,noun_School_2013970,1
g9,Education,Children dropping out of school,% of households with at least one child dropping out of school in the previous year,of households reported at least<br> one child dropping out of school<br> in the previous year,1,1,1,noun_School_2013970,0
g19,Education,Attending school and working,"% of households with at least one child regularly attending formal or informal education (at least 4 days a week) prior to the COVID-19 outbreak, while also working or contributing to the household income",of households reported at least one child<br> regularly attending formal or informal <br>education while also working ,1,1,1,noun_School_2013970,0
g4,Education,Children not attending school,% of households with at least one child not attending formal or informal education regularly (at least 4 days a week) prior to the COVID-19 outbreak,of households with at least one<br> child not attending formal or informal<br> education regularly,1,1,1,noun_School_2013970,0
g7_i,Education,Barriers to school - School stopped functioning,% of households reporting barrier to education: school stopped functioning and is now closed (as a percentage of households in which at least one school-aged child is not attending formal education regularly),of households reported school<br> closing as a barrier to children attending<br> school,1,1,1,noun_School_2013970,0
g7_ii,Education,Barriers to school - School not safe,% of households reporting barrier to education: going or attending school is not safe (as a percentage of households in which at least one school-aged child is not attending formal education regularly),of households reported feeling<br>unsafe as a barrier to children attending<br> school,1,1,1,noun_School_2013970,0
g7_iii,Education,Barriers to school - School too expensive,% of households reporting barrier to education: cannot afford to pay for the school related expenses (as a percentage of households in which at least one school-aged child is not attending formal education regularly),of households reported school<br> fees as a barrier to children attending<br> school,1,1,1,noun_School_2013970,0
g7_iv,Education,Barriers to school - Unable to register,% of households reporting barrier to education: unable to register or enrol our children in the school (as a percentage of households in which at least one school-aged child is not attending formal education regularly),of households reported inability to<br> register as a barrier to children attending<br> school,1,1,1,noun_School_2013970,0
g7_v,Education,Barriers to school - Physically cannot attend,% of households reporting barrier to education: children cannot physically go to the school (as a percentage of households in which at least one school-aged child is not attending formal education regularly),of households reported child<br> physically cannot attend as a barrier to children<br>attending school,1,1,1,noun_School_2013970,0
g7_vi,Education,Barriers to school - School overcrowded,% of households reporting barrier to education: school and classes are overcrowded (as a percentage of households in which at least one school-aged child is not attending formal education regularly),of households reported overcrowded<br> schools as a barrier to children attending<br> school,1,1,1,noun_School_2013970,0
g7_vii,Education,Barriers to school - School lacks staff,% of households reporting barrier to education: lack of staff to run the school (as a percentage of households in which at least one school-aged child is not attending formal education regularly),of households reported lack of<br> staff as a barrier to children attending<br> school,1,1,1,noun_School_2013970,0
g7_viii,Education,Barriers to school - Poor infrastructure,% of households reporting barrier to education: the school infrastructure is poor (as a percentage of households in which at least one school-aged child is not attending formal education regularly),of households reported poor school<br> infrastructure as a barrier to children attending<br> school,1,1,1,noun_School_2013970,0
g7_ix,Education,Barriers to school - Curriculum not adapted,% of households reporting barrier to education: the curriculum and teaching are not adapted for our children (as a percentage of households in which at least one school-aged child is not attending formal education regularly),of households reported curriculums<br> not adapted as a barrier to children attending<br> school,1,1,1,noun_School_2013970,0
g7_x,Education,Barriers to school - Children work,% of households reporting barrier to education: children are busy working or supporting the household (as a percentage of households in which at least one school-aged child is not attending formal education regularly),of households reported children<br> working as a barrier to children attending<br> school,1,1,1,noun_School_2013970,0
g7_xi,Education,Barriers to school - Parental refusal,% of households reporting barrier to education: parental refusal to send children to school (as a percentage of households in which at least one school-aged child is not attending formal education regularly),of households reported parental<br> refusal as a barrier to children attending<br> school,1,1,1,noun_School_2013970,0
g7_xii,Education,Barriers to school - Children not interested,% of households reporting barrier to education: lack of interest of children in education (as a percentage of households in which at least one school-aged child is not attending formal education regularly),of households reported lack of<br> interest as a barrier to children attending<br> school,1,1,1,noun_School_2013970,0
g7_xiii,Education,Barriers to school - Lack documents,% of households reporting barrier to education: lack of valid documentation (as a percentage of households in which at least one school-aged child is not attending formal education regularly),of households reported lack of<br> documents as a barrier to children attending<br> school,1,1,1,noun_School_2013970,0
g4,Protection - child protection,Children not attending school,% of households with at least one child not attending formal or informal education regularly (at least 4 days a week) prior to the COVID-19 outbreak,of households with at least one<br> child not attending formal or informal<br> education regularly,1,1,1,noun_Child Protection_2919481,0
g7_i,Protection - child protection,Barriers to school - School stopped functioning,% of households reporting barrier to education: school stopped functioning and is now closed (as a percentage of households in which at least one school-aged child is not attending formal education regularly),of households reported school<br> closing as a barrier to children attending<br> school,1,1,1,noun_Child Protection_2919481,0
g7_ii,Protection - child protection,Barriers to school - School not safe,% of households reporting barrier to education: going or attending school is not safe (as a percentage of households in which at least one school-aged child is not attending formal education regularly),of households reported feeling<br>unsafe as a barrier to children attending<br> school,1,1,1,noun_Child Protection_2919481,0
g7_iii,Protection - child protection,Barriers to school - School too expensive,% of households reporting barrier to education: cannot afford to pay for the school related expenses (as a percentage of households in which at least one school-aged child is not attending formal education regularly),of households reported school<br> fees as a barrier to children attending<br> school,1,1,1,noun_Child Protection_2919481,0
g7_iv,Protection - child protection,Barriers to school - Unable to register,% of households reporting barrier to education: unable to register or enrol our children in the school (as a percentage of households in which at least one school-aged child is not attending formal education regularly),of households reported inability to<br> register as a barrier to children attending<br> school,1,1,1,noun_Child Protection_2919481,0
g7_v,Protection - child protection,Barriers to school - Physically cannot attend,% of households reporting barrier to education: children cant physically go to the school (as a percentage of households in which at least one school-aged child is not attending formal education regularly),of households reported child<br> physically cannot attend as a barrier to children<br>attending school,1,1,1,noun_Child Protection_2919481,0
g7_vi,Protection - child protection,Barriers to school - School overcrowded,% of households reporting barrier to education: school and classes are overcrowded (as a percentage of households in which at least one school-aged child is not attending formal education regularly),of households reported overcrowded<br> schools as a barrier to children attending<br> school,1,1,1,noun_Child Protection_2919481,0
g7_vii,Protection - child protection,Barriers to school - School lacks staff,% of households reporting barrier to education: lack of staff to run the school (as a percentage of households in which at least one school-aged child is not attending formal education regularly),of households reported lack of<br> staff as a barrier to children attending<br> school,1,1,1,noun_Child Protection_2919481,0
g7_viii,Protection - child protection,Barriers to school - Poor infrastructure,% of households reporting barrier to education: the school infrastructure is poor (as a percentage of households in which at least one school-aged child is not attending formal education regularly),of households reported poor school<br> infrastructure as a barrier to children attending<br> school,1,1,1,noun_Child Protection_2919481,0
g7_ix,Protection - child protection,Barriers to school - Curriculum not adapted,% of households reporting barrier to education: the curriculum and teaching are not adapted for our children (as a percentage of households in which at least one school-aged child is not attending formal education regularly),of households reported curriculums<br> not adapted as a barrier to children attending<br> school,1,1,1,noun_Child Protection_2919481,0
g7_x,Protection - child protection,Barriers to school - Children work,% of households reporting barrier to education: children are busy working or supporting the household (as a percentage of households in which at least one school-aged child is not attending formal education regularly),of households reported children<br> working as a barrier to children attending<br> school,1,1,1,noun_Child Protection_2919481,0
g7_xi,Protection - child protection,Barriers to school - Parental refusal,% of households reporting barrier to education: parental refusal to send children to school (as a percentage of households in which at least one school-aged child is not attending formal education regularly),of households reported parental<br> refusal as a barrier to children attending<br> school,1,1,1,noun_Child Protection_2919481,0
g7_xii,Protection - child protection,Barriers to school - Children not interested,% of households reporting barrier to education: lack of interest of children in education (as a percentage of households in which at least one school-aged child is not attending formal education regularly),of households reported lack of<br> interest as a barrier to children attending<br> school,1,1,1,noun_Child Protection_2919481,0
g7_xiii,Protection - child protection,Barriers to school - Lack documents,% of households reporting barrier to education: lack of valid documentation (as a percentage of households in which at least one school-aged child is not attending formal education regularly),of households reported lack of<br> documents as a barrier to children attending<br> school,1,1,1,noun_Child Protection_2919481,0
a13,Household Profile,Under 18 and working,% of households with at least one person under 18 working,of households reported at least one<br> person under 18 working,1,1,1,noun_people in need_2919488,0
a13,Protection - child protection,Under 18 and working,% of households with at least one person under 18 working,of households reported at least one<br> person under 18 working,1,1,1,noun_Child Protection_2919481,0
g44,Household Profile,Unemployment,% of households with at least one adult (18+) unemployed and seeking work,of households reported at least<br> one adult (18+) unemployed<br> and seeking work,1,1,1,noun_people in need_2919488,0
g44,Livelihoods,Unemployment,% of households with at least one adult (18+) unemployed and seeking work,of households reported at least<br> one adult (18+) unemployed<br> and seeking work,1,1,1,noun_Fund_2013997,0
g45_i,Livelihoods,Barriers to employment - Increased competition,% of households reporting barrier to employment: increased competition for jobs; not enough jobs for everyone (as a percentage of households with at least one member unemployed and seeking work),of households reported increased <br> competition as a main barrier to employment,1,1,1,noun_Fund_2013997,0
g45_ii,Livelihoods,Barriers to employment - Jobs too far away,% of households reporting barrier to employment: available jobs are too far away (as a percentage of households with at least one member unemployed and seeking work),of households reported available jobs <br> too far away as a main barrier to employment,1,1,1,noun_Fund_2013997,0
g45_iii,Livelihoods,Barriers to employment - Only low paying jobs available,"% of households reporting barrier to employment: only low-skilled, socially degrading or low-paid jobs are available (as a percentage of households with at least one member unemployed and seeking work)",of households reported only <br> low paying jobs available <br> as a main barrier to employment,1,1,1,noun_Fund_2013997,0
g45_iv,Livelihoods,Barriers to employment - Lack of qualifications,% of households reporting barrier to employment: underqualified for available jobs (as a percentage of households with at least one member unemployed and seeking work),of households reported underqualification for <br> available jobs as a main barrier to employment,1,1,1,noun_Fund_2013997,0
g45_v,Livelihoods,Barriers to employment - Lack of connections,% of households reporting barrier to employment: lack of family/personal connections (as a percentage of households with at least one member unemployed and seeking work),of households reported lack of <br> connections as a main barrier to employment,1,1,1,noun_Fund_2013997,0
g45_vi,Livelihoods,Barriers to employment - Lack of opportunities for women,% of households reporting barrier to employment: lack of livelihood and employment opportunities for women (as a percentage of households with at least one member unemployed and seeking work),of households reported lack of <br> opportunities for women as a main<br> barrier to employment,1,1,1,noun_Fund_2013997,0
g45_vii,Livelihoods,Barriers to employment - None,% of households reporting barrier to employment: none (as a percentage of households with at least one member unemployed and seeking work),of households reported no main<br> barriers to employment,1,1,1,noun_Fund_2013997,1
b5,Livelihoods,Stress coping strategies,% of households relying on stress strategies to cope with a lack of food or money to buy it,of households reported relying on stress <br>strategies to cope with a lack of <br>resources to meet basic needs.,1,1,1,noun_Fund_2013997,0
b6,Livelihoods,Crisis coping strategies,% of households relying on crisis strategies to cope with a lack of food or money to buy it,of households reported relying on crisis strategies<br> to cope with a lack of resources <br>to meet basic needs.,1,1,1,noun_Fund_2013997,0
b7,Livelihoods,Emergency coping strategies,% of households relying on emergency strategies to cope with a lack of food or money to buy it,of households reported relying on emergency<br> strategies to cope with a lack of <br>resources to meet basic needs.,1,1,1,noun_Fund_2013997,0
b5,Food Security,Stress coping strategies,% of households relying on stress strategies to cope with a lack of food or money to buy it,of households reported relying on stress <br>strategies to cope with a lack of <br>resources to meet basic needs.,1,1,1,noun_Food Security_2017760,0
b6,Food Security,Crisis coping strategies,% of households relying on crisis strategies to cope with a lack of food or money to buy it,of households reported relying on crisis strategies<br> to cope with a lack of resources <br>to meet basic needs.,1,1,1,noun_Food Security_2017760,0
b7,Food Security,Emergency coping strategies,% of households relying on emergency strategies to cope with a lack of food or money to buy it,of households reported relying on emergency<br> strategies to cope with a lack of <br>resources to meet basic needs.,1,1,1,noun_Food Security_2017760,0
b5,Cash Working Group,Stress coping strategies,% of households relying on stress strategies to cope with a lack of food or money to buy it,of households reported relying on stress <br>strategies to cope with a lack of <br>resources to meet basic needs.,1,1,1,noun_Fund_2013997,0
b6,Cash Working Group,Crisis coping strategies,% of households relying on crisis strategies to cope with a lack of food or money to buy it,of households reported relying on crisis strategies<br> to cope with a lack of resources <br>to meet basic needs.,1,1,1,noun_Fund_2013997,0
b7,Cash Working Group,Emergency coping strategies,% of households relying on emergency strategies to cope with a lack of food or money to buy it,of households reported relying on emergency<br> strategies to cope with a lack of <br>resources to meet basic needs.,1,1,1,noun_Fund_2013997,0
b5,Protection - general,Stress coping strategies,% of households relying on stress strategies to cope with a lack of food or money to buy it,of households reported relying on stress <br>strategies to cope with a lack of <br>resources to meet basic needs.,1,1,1,noun_protection_2013966,0
b6,Protection - general,Crisis coping strategies,% of households relying on crisis strategies to cope with a lack of food or money to buy it,of households reported relying on crisis strategies<br> to cope with a lack of resources <br>to meet basic needs.,1,1,1,noun_protection_2013966,0
b7,Protection - general,Emergency coping strategies,% of households relying on emergency strategies to cope with a lack of food or money to buy it,of households reported relying on emergency<br> strategies to cope with a lack of <br>resources to meet basic needs.,1,1,1,noun_protection_2013966,0
g15_i,Food Security,Hunger category - Little to no hunger,% of households categorized in household hunger scale category: little to no hunger,of households reported<br> little to no hunger,1,1,1,noun_Food Security_2017760,0
g15_ii,Food Security,Hunger category - Moderate hunger,% of households categorized in household hunger scale category: moderate hunger,of households reported<br> moderate hunger,1,1,1,noun_Food Security_2017760,0
g15_iii,Food Security,Hunger category - Severe hunger,% of households categorized in household hunger scale category: severe hunger,of households reported<br> severe hunger,1,1,1,noun_Food Security_2017760,0
g29,Health,Hospital access,% of households that can access a hospital within one hour's walk from dwellings,of households reported access<br> to a hospital within one hour's walk from<br> dwelling,1,1,1,noun_Health_2120772,1
g25,Health,Primary healthcare access,% of households that can access primary healthcare (health clinic and/or hospital) within one hour's walk from dwellings,of households reported access to primary<br> healthcare (health clinic and/or hospital) within one<br> hour's walk from dwelling,1,1,1,noun_Health_2120772,1
g26,Health,"Access to hospital with emergency, maternity, surgical and pediatric services","% of households that can access a hospital with emergency, maternity, surgical and pediatric services within one hour's walk from dwellings","of households that can access a hospital with emergency, <br>maternity, surgical and pediatric services within one hour's walk from dwelling",1,1,1,noun_Health_2120772,1
g28,Health,Health clinic access,% of households that can access a health clinic within one hour's walk from dwellings,of households that can access a health clinic <br>within one hour's walk from dwelling,1,1,1,noun_Health_2120772,1
g34_i,Health,Health service access difficulties - Cost,% of households reporting barrier to access health services: cost of services and/or medicine was too high (as a percentage of households that needed to access health services in the 3 months prior to data collection),of households reporting health<br> services too expensive ,1,1,1,noun_Health_2120772,0
g34_ii,Health,Health service access difficulties - Lack of qualified staff,% of households reporting barrier to access health services: lack of qualified health staff at the health facility (as a percentage of households that needed to access health services in the 3 months prior to data collection),of households reporting lacking <br> access to qualified health staff,1,1,1,noun_Health_2120772,0
g34_iii,Health,Health service access difficulties - Problems with documents,% of households reporting barrier to access health services: problems with civil documents (as a percentage of households that needed to access health services in the 3 months prior to data collection),of households reporting problems <br>with documents at health services,1,1,1,noun_Health_2120772,0
g34_iv,Health,Health service access difficulties - No referral provided,% of households reporting barrier to access health services: public health clinic did not provide referral (as a percentage of households that needed to access health services in the 3 months prior to data collection),of households reporting lack of <br>of referrals at health services,1,1,1,noun_Health_2120772,0
g34_v,Health,Health service access difficulties - Clinic closed,% of households reporting barrier to access health services: public health clinic not open (as a percentage of households that needed to access health services in the 3 months prior to data collection),of households reporting public<br>health clinics not open,1,1,1,noun_Health_2120772,0
g34_vi,Health,Health service access difficulties - Distance to health centre,% of households reporting barrier to access health services: the treatment center was too far away and/or transportation constraints (as a percentage of households that needed to access health services in the 3 months prior to data collection),of households reporting health services<br>too far away,1,1,1,noun_Health_2120772,0
g34_vii,Health,Health service access difficulties - Refused treatment,% of households reporting barrier to access health services: medical staff refused treatment without any explanation (as a percentage of households that needed to access health services in the 3 months prior to data collection),of households reporting treatment being refused <br> without explanation at health services,1,1,1,noun_Health_2120772,0
g34_viii,Health,Health service access difficulties - No medicine available,% of households reporting barrier to access health services: no medicine available at health facility / pharmacy (as a percentage of households that needed to access health services in the 3 months prior to data collection),of households reporting medicine not <br>available at health services,1,1,1,noun_Health_2120772,0
g34_ix,Health,Health service access difficulties - Specific treatment not available,% of households reporting barrier to access health services: required treatment not available at the health facility (as a percentage of households that needed to access health services in the 3 months prior to data collection),of households reporting specific treatment<br>not available at health services,1,1,1,noun_Health_2120772,0
g34_x,Health,Health service access difficulties - Services not inclusive,% of households reporting barrier to access health services: health services not inclusive of people with disabilities (as a percentage of households that needed to access health services in the 3 months prior to data collection),of households reporting health services <br>not inclusive,1,1,1,noun_Health_2120772,0
g34_xi,Health,Health service access difficulties - Lack of female staff,% of households reporting barrier to access health services: lack of female health staff (as a percentage of households that needed to access health services in the 3 months prior to data collection),of households reporting lack of <br>female staff at health services,1,1,1,noun_Health_2120772,0
g32,Health,Access to reproductive health services,% of households with women of reproductive age (12-49) with access to specialized reproductive health services,of households with women of reproductive age (12-49)<br> reporting access to specialized reproductive<br> health services,1,1,1,noun_Health_2120772,1
g32,Protection - GBV ,Access to reproductive health services,% of households with women of reproductive age (12-49) with access to specialized reproductive health services,of households with women of reproductive age (12-49)<br> reporting access to specialized reproductive<br> health services,1,1,1,noun_gender based violence_3247114,1
g35,Household Profile,Chronic health condition,% of households with at least one individual with a chronic health condition,of households reporting at least one<br> individual with a chronic health condition,1,1,1,noun_people in need_2919488,0
g35,Health,Chronic health condition,% of households with at least one individual with a chronic health condition,of households reporting at least one<br> individual with a chronic health condition,1,1,1,noun_Health_2120772,0
c3,Protection - general,Disability,"% of households with at least one individual with a disability (% of households with at least on individual that has ""lots of difficulty"" or ""cannot do at all"" one of the following activities: seeing, hearing, walking/climbing steps, remembering/concerntrating, self-care, communicating)",of households reporting at least<br> one individual with a disability,1,1,1,noun_protection_2013966,0
c3,Health,Disability,"% of households with at least one individual with a disability (% of households with at least on individual that has ""lots of difficulty"" or ""cannot do at all"" one of the following activities: seeing, hearing, walking/climbing steps, remembering/concerntrating, self-care, communicating)",of households reporting at least<br> one individual with a disability,1,1,1,noun_Health_2120772,0
g56,Health,Psychosocial distress among children,% of households reporting having children with psychosocial distress (approximated by asking about the presence of certain behavioural patterns),of households reporting children with<br> psychosocial distress,1,1,1,noun_Health_2120772,0
g56,Protection - child protection,Psychosocial distress among children,% of households reporting having children with psychosocial distress (approximated by asking about the presence of certain behavioural patterns),of households reporting children with<br> psychosocial distress,1,1,1,noun_Child Protection_2919481,0
g57,Health,Psychosocial distress among adults,% of households reporting having adults with psychosocial distress (approximated by asking about the presence of certain behavioural patterns),of households reporting adults with<br> psychosocial distress,1,1,1,noun_Health_2120772,0
g57,Protection - general,Psychosocial distress among adults,% of households reporting having adults with psychosocial distress (approximated by asking about the presence of certain behavioural patterns),of households reporting adults with<br> psychosocial distress,1,1,1,noun_protection_2013966,0
c2,Protection - mine action,Explosive ordnance,% of households with indiviudals who have been injured or killed by explosive ordnance,of households reporting individuals<br> who have been injured or killed by<br> explosive ordnance,1,1,1,noun_protection_2013966,0
c2,Health,Explosive ordnance,% of households with indiviudals who have been injured or killed by explosive ordnance,of households reporting individuals<br> who have been injured or killed by<br> explosive ordnance,1,1,1,noun_Health_2120772,0
g95,WASH,Access to improved water source,% of households with access to an improved water source,of households reporting access<br> to an improved water source,1,1,1,noun_water source_2009637,1
g94,WASH,Access to sufficient water,% of households having access to a sufficient quantity of water for drinking and domestic purposes,of households reporting having access<br> to a sufficient quantity of water for drinking<br> and domestic purposes,1,1,1,noun_water source_2009637,1
g96,WASH,Water treatment,% of households treating their water prior to drinking,of households reporting<br> treating their water prior to<br> drinking,1,1,1,noun_water source_2009637,0
g97,WASH,Access to improved sanitation,% of households with access to improved functional sanitation facilities ,of households reporting access to improved<br> functional sanitation facilities ,1,1,1,noun_water source_2009637,1
g99,WASH,Access to soap,% of households with access to soap and practicing handwashing,of households with access to<br> soap and practicing handwashing,1,1,1,noun_water source_2009637,1
g98,WASH,Access to hygiene items,% of households satisfied with regards to their access to hygiene items,of households reporting satisfaction<br> with access to hygiene items,1,1,1,noun_water source_2009637,1
b1,Livelihoods,"Income less than 480,000 IQD/month","% of households whose average monthly income [from employment and pension] was less than 480,000 IQD/month","of households reporting average <br>monthly income was less than<br> 480,000 IQD/month",1,1,1,noun_Fund_2013997,0
b3,Livelihoods,"Income less than 480,000 IQD/month (single female-headed households)","% of single female-headed households whose average monthly income [from employment and pension] was less than 480,000 IQD/month","of single female headed households <br>reporting average monthly income was less <br>than 480,000 IQD/month",1,1,1,noun_Fund_2013997,0
g46,Livelihoods,Unstable employment,% of households with all working adults in unstable (seasonal/temporary) employment,of households reporting all working adults in unstable employment,1,1,1,noun_Fund_2013997,0
g102,Livelihoods,Food expenditure share,% of households spending more than 40% of their total expenditure on food,of households reporting spending<br> more than 40% of their total expenditure<br> on food,1,1,1,noun_Fund_2013997,0
g102,Food Security,Food expenditure share,% of households spending more than 40% of their total expenditure on food,of households reporting spending<br> more than 40% of their total expenditure<br> on food,1,1,1,noun_Food Security_2017760,0
g37,Livelihoods,Household debt,"% of households with debt value > 505,000 IQD ","of households reporting debt<br> value > 505,000 IQD ",1,1,1,noun_Fund_2013997,0
g38,Livelihoods,Unable to meet basic needs,"% of households unable to afford basic needs (% of households taking on debt due to healthcare, food, education, or basic household expenditures)",of households reporting inability<br> to afford basic needs ,1,1,1,noun_Fund_2013997,0
g39,Livelihoods,Job loss due to COVID-19,% of households reporting members losing jobs permanently or temporarily as a result of the COVID-19 outbreak,of households reporting members losing jobs <br>as a result of the COVID-19 outbreak,1,1,1,noun_Fund_2013997,0
b2,Livelihoods,Relying on humanitarian assistance,% of households relying on humanitarian assistance as a primary source of income,of households reporting relying on<br> humanitarian assistance as a primary <br>source of income,1,1,1,noun_Fund_2013997,0
g41,Livelihoods,Market access,% of households who can access an operational marketplace or grocery store within a 30 minutes walk from dwellings,of households reporting access to an operational<br> marketplace within 30 min walk <br>from dwelling,1,1,1,noun_Fund_2013997,1
a16,Shelter & non food items,Critical shelter conditions,% of households living under critical shelter conditions (aggregated indicator),of households reporting living<br> under critical shelter conditions,1,1,1,noun_Shelter_2013909,0
a16,Protection - general,Critical shelter conditions,% of households living under critical shelter conditions (aggregated indicator),of households reporting living<br> under critical shelter conditions,1,1,1,noun_protection_2013966,0
a17,Shelter & non food items,Housing enclosure unit,% of households with access to a safe and healthy housing enclosure unit,of households reporting access to a safe<br> and healthy housing enclosure unit,1,1,1,noun_Shelter_2013909,1
g85,Shelter & non food items,Basic NFI items,% of households needing basic non food items (NFIs),of households reporting<br>needing basic NFI items,1,1,1,noun_Shelter_2013909,0
g89,Shelter & non food items,Needing shelter improvements,% of households reporting to need at least two shelter improvements,of households reporting <br>at least two shelter improvements,1,1,1,noun_Shelter_2013909,0
g68,Intentions,Lacking secure tenure,% of households lacking secure tenure (i.e. property under dispute),of households reporting<br> lacking secure tenure,1,1,1,noun_internally displaced_2009326,0
g68,Protection - HLP,Lacking secure tenure,% of households lacking secure tenure (i.e. property under dispute),of households reporting<br> lacking secure tenure,1,1,1,noun_protection_2013966,0
g66,Protection - HLP,Lacking HLP documentation,"% of households lacking valid housing, land and property (HLP) documentation",of households reporting lacking<br> valid HLP documentation,1,1,1,noun_protection_2013966,0
g64,Protection - HLP,Risk of eviction,% of households reporting risk of eviction,of households reporting<br> risk of eviction,1,1,1,noun_protection_2013966,0
g65_i,Protection - HLP,Risk of eviction - Lack of funds,% of households reporting lack of funds to pay rental costs as a risk for eviction (as a percentage of households that reported being at risk of eviction),of households reporting lack of funds<br> to pay rental costs as a risk for eviction ,1,1,1,noun_protection_2013966,0
g65_ii,Protection - HLP,Risk of eviction - Hosting no longer possible,% of households reporting host family no longer able to host household as a risk for eviction (as a percentage of households that reported being at risk of eviction),of households reporting host family<br> no longer able to host as risk for eviction ,1,1,1,noun_protection_2013966,0
g65_iii,Protection - HLP,Risk of eviction - Lack of community acceptance,% of households reporting local community does not accept household living in the area as a risk for eviction (as a percentage of households that reported being at risk of eviction),of households reporting lack<br> of acceptance as a risk for eviction ,1,1,1,noun_protection_2013966,0
g65_iv,Protection - HLP,Risk of eviction - Authorities requested leave,% of households reporting that authorities requested household to leave as a risk for eviction (as a percentage of households that reported being at risk of eviction),of households reporting receiving <br>request from authorities to leave <br>as a risk for eviction ,1,1,1,noun_protection_2013966,0
g65_v,Protection - HLP,Risk of eviction - Requested to vacate,% of households reporting being requested to vacate by owner of building/land as a risk for eviction (as a percentage of households that reported being at risk of eviction),of households reporting request<br> to vacate from owner of building as a <br>risk for eviction ,1,1,1,noun_protection_2013966,0
g65_vi,Protection - HLP,Risk of eviction - Lack of tenancy agreement,% of households reporting lack of valid tenancy agreement as a risk for eviction (as a percentage of households that reported being at risk of eviction),of households reporting no valid<br> tenancy agreement as a risk for eviction ,1,1,1,noun_protection_2013966,0
g65_vii,Protection - HLP,Risk of eviction - Inadequate shelter,% of households reporting inadequate housing / shelter conditions as a risk for eviction (as a percentage of households that reported being at risk of eviction),of households reporting inadequate <br>housing / shelter condition as a risk for eviction ,1,1,1,noun_protection_2013966,0
g65_viii,Protection - HLP,Risk of eviction - Housing occupied,% of households reporting housing being occupied by other groups as a risk for eviction (as a percentage of households that reported being at risk of eviction),of households reporting housing <br>occupied by other groups as a risk for eviction ,1,1,1,noun_protection_2013966,0
g65_ix,Protection - HLP,Risk of eviction - Risk of confiscation,% of households reporting risk of property being confiscated as a risk for eviction (as a percentage of households that reported being at risk of eviction),of households reporting risk of <br>property confiscation as a risk for eviction ,1,1,1,noun_protection_2013966,0
g65_x,Protection - HLP,Risk of eviction - Ownership dispute,% of households reporting ownership of property being disputed as a risk for eviction (as a percentage of households that reported being at risk of eviction),of households reporting ownership<br> dispute as a risk for eviction ,1,1,1,noun_protection_2013966,0
g54,Protection - general,Movement restrictions unrelated to COVID-19,% households experiencing daytime movement restrictions unrelated to COVID-19,of households experiencing daytime<br> movement restrictions unrelated<br> to COVID-19,1,1,1,noun_protection_2013966,0
g54_i,Protection - general,Movement restrictions unrelated to COVID-19 - Needing clearance,% of households experiencing daytime movement restrictions unrelated to COVID-19: needing to obtain security clearance / coupons,of households experiencing daytime <br>movement restrictions unrelated to COVID-19<br> - needing clearance,1,1,1,noun_protection_2013966,0
g54_ii,Protection - general,Movement restrictions unrelated to COVID-19 - Showing ID,% of households experiencing daytime movement restrictions unrelated to COVID-19: needing to show ID documents to civilian authorities or security actors,of households experiencing daytime <br>movement restrictions unrelated to COVID-19<br> - needing to show ID/documents,1,1,1,noun_protection_2013966,0
g54_iii,Protection - general,Movement restrictions unrelated to COVID-19 - Time,% of households experiencing daytime movement restrictions unrelated to COVID-19: time restrictions on when to leave and return,of households experiencing daytime <br>movement restrictions unrelated to COVID-19<br> - specific time,1,1,1,noun_protection_2013966,0
g54_v,Protection - general,Movement restrictions unrelated to COVID-19 - Specific reason,"% of households experiencing daytime movement restrictions unrelated to COVID-19: needing to provide a specific reason for movement (employment, medical, school)",of households experiencing daytime <br>movement restrictions unrelated to COVID-19<br> - specific reason,1,1,1,noun_protection_2013966,0
g54_vi,Protection - general,Movement restrictions unrelated to COVID-19 - Road blocks,% of households experiencing daytime movement restrictions unrelated to COVID-19: physical road blocks,of households experiencing daytime <br>movement restrictions unrelated to COVID-19<br> - physical road blocks,1,1,1,noun_protection_2013966,0
g54,Access and safety,Movement restrictions unrelated to COVID-19,% households experiencing daytime movement restrictions unrelated to COVID-19,of households experiencing daytime movement restrictions unrelated to COVID-19,1,1,1,noun_Humanitarian Access_2009309,0
g54_i,Access and safety,Movement restrictions unrelated to COVID-19 - Needing clearance,% of households experiencing daytime movement restrictions unrelated to COVID-19: needing to obtain security clearance / coupons,of households experiencing daytime <br>movement restrictions unrelated to COVID-19<br> - needing clearance,1,1,1,noun_Humanitarian Access_2009309,0
g54_ii,Access and safety,Movement restrictions unrelated to COVID-19 - Showing ID,% of households experiencing daytime movement restrictions unrelated to COVID-19: needing to show ID documents to civilian authorities or security actors,of households experiencing daytime <br>movement restrictions unrelated to COVID-19<br> - needing to show ID/documents,1,1,1,noun_Humanitarian Access_2009309,0
g54_iii,Access and safety,Movement restrictions unrelated to COVID-19 - Time,% of households experiencing daytime movement restrictions unrelated to COVID-19: time restrictions on when to leave and return,of households experiencing daytime <br>movement restrictions unrelated to COVID-19<br> - specific time,1,1,1,noun_Humanitarian Access_2009309,0
g54_v,Access and safety,Movement restrictions unrelated to COVID-19 - Specific reason,"% of households experiencing daytime movement restrictions unrelated to COVID-19: needing to provide a specific reason for movement (employment, medical, school)",of households experiencing daytime <br>movement restrictions unrelated to COVID-19<br> - specific reason,1,1,1,noun_Humanitarian Access_2009309,0
g54_vi,Access and safety,Movement restrictions unrelated to COVID-19 - Road blocks,% of households experiencing daytime movement restrictions unrelated to COVID-19: physical road blocks,of households experiencing daytime <br>movement restrictions unrelated to COVID-19<br> - physical road blocks,1,1,1,noun_Humanitarian Access_2009309,0
c9,Protection - general,Access constraints for people with disabilities,"% households with members unable to access one or more basic services (e.g. education, health services, markets) due to disability","of households reporting members <br>unable to access one or more basic services (e.g. education, health services, markets)<br> due to disability",1,1,1,noun_protection_2013966,0
g61,Protection - general,Security incidents,% of households that have suffered incidents affecting households members in the 30 days prior to data collection,of households reporting suffering<br> incidents affecting households members <br>in the last 30 days,1,1,1,noun_protection_2013966,0
g62_i,Protection - GBV ,Security incidents affecting male members,% of households that have suffered safety or security incidents affecting male household members in the 30 days prior to data collection,of households reporting suffering<br> safety or security incidents affecting male<br> household members in the last 30 days,1,1,1,noun_gender based violence_3247114,0
g62_ii,Protection - GBV ,Security incidents affecting female members,% of households that have suffered safety or security incidents affecting female household members in the 30 days prior to data collection,of households reporting suffering<br> safety or security incidents affecting female<br> household members in the last 30 days,1,1,1,noun_gender based violence_3247114,0
g63,Protection - GBV ,Women/girls avoiding areas,% of households where women and girls avoid certain areas because they feel unsafe,of households where women and girls avoid areas because they feel unsafe there,1,1,1,noun_gender based violence_3247114,0
g51,Protection - general,Missing documents,% of households missing at least one key household or individual document ,of households reporting missing <br>at least one key household or individual <br>document ,1,1,1,noun_protection_2013966,0
g51b,Protection - child protection,Missing documents of child(ren),% of households with at least one child missing a key individual document,of households with at least<br> one child missing a key individual<br> document,1,1,1,noun_Child Protection_2919481,0
a12,Household Profile,Child marriage,% of households with presence of child marriage,of households reporting<br> presence of child marriage,1,1,1,noun_people in need_2919488,0
a12,Protection - child protection,Child marriage,% of households with presence of child marriage,of households reporting<br> presence of child marriage,1,1,1,noun_Child Protection_2919481,0
a12,Protection - GBV ,Child marriage,% of households with presence of child marriage,of households reporting<br> presence of child marriage,1,1,1,noun_gender based violence_3247114,0
g53a,Protection - child protection,Child not residing in household,% of households with at least one child under 18 currently not residing in the household,of households reporting at least <br>one child under 18 currently not residing<br> in the household,1,1,1,noun_Child Protection_2919481,0
g53b_i,Protection - child protection,Child not residing in household - Married,% of households with reason why at least one child under 18 currently not residing with the household:  married and left the house (as a percentage of households reporting at least one child not residing in the households),of households with children under 18<br> currently not residing in the household<br> due to marriage,1,1,1,noun_Child Protection_2919481,0
g53b_ii,Protection - child protection,Child not residing in household - Employment,% of households with reason why at least one child under 18 currently not residing with the household: left the house to seek employment (as a percentage of households reporting at least one child not residing in the households),of households reporting children under 18<br> currently not residing in the household<br> due to employment,1,1,1,noun_Child Protection_2919481,0
g53b_iii,Protection - child protection,Child not residing in household - Study,% of households with reason why at least one child under 18 currently not residing with the household: left the house to study (as a percentage of households reporting at least one child not residing in the households),of households reporting children under 18<br> currently not residing in the household<br> due to study,1,1,1,noun_Child Protection_2919481,0
g53b_iv,Protection - child protection,Child not residing in household - Staying with relatives,% of households with reason why at least one child under 18 currently not residing with the household: stays with relatives or friends (as a percentage of households reporting at least one child not residing in the households),of households reporting children under 18<br> currently not residing in the household<br> due to staying with relatives,1,1,1,noun_Child Protection_2919481,0
g53b_v,Protection - child protection,Child not residing in household - Armed group,% of households with reason why at least one child under 18 currently not residing with the household: left the house to join army or armed group (as a percentage of households reporting at least one child not residing in the households),of households reporting children under 18<br> currently not residing in the household<br> due to engagement with armed group,1,1,1,noun_Child Protection_2919481,0
g53b_vi,Protection - child protection,Child not residing in household - Kidnapped,% of households with reason why at least one child under 18 currently not residing with the household: kidnapped or abducted (as a percentage of households reporting at least one child not residing in the households),of households reporting children under 18<br> currently not residing in the household<br> due to kidnapping,1,1,1,noun_Child Protection_2919481,0
g53b_vii,Protection - child protection,Child not residing in household - Missing,"% of households with reason why at least one child under 18 currently not residing with the household: missing, no information on well-being or location of child (as a percentage of households reporting at least one child not residing in the households)",of households reporting children under 18<br> currently not residing in the household<br> due to child missing,1,1,1,noun_Child Protection_2919481,0
g52,Protection - child protection,Violent disciplinary measures,% of households using violent disciplinary measures against their children,of households using violent disciplinary<br> measures against their children,1,1,1,noun_Child Protection_2919481,0
a28,Intentions,Intending to remain in next twelve months,% of returnee households that intend to remain in their current location for the next twelve months,of returnee households intend to<br> remain in their current location for <br>the next twelve months,1,0,0,noun_internally displaced_2009326,0
g74,Protection - mine action,Explosive ordnance education,"% of households where at least one member has received any information, education or training about the risk of explosive ordnance","of households reporting at least one member <br>receiving any information, education or <br>training about the risk of explosive ordnance",1,1,1,noun_protection_2013966,1
f7,Durable solutions,Property compensation,% of households who have received property compensation (as a % of households whose property has been damaged),of households reporting to have <br> received property compensation,1,1,0,noun_Population Return_2013961,1
f7,Protection - HLP,Property compensation,% of households who have received property compensation (as a % of households whose property has been damaged),of households reporting to have <br> received property compensation,1,1,0,noun_protection_2013966,1
f7b,Durable solutions,Access to/knowledge of complaint mechanisms,% households with access to and/or knowledge of complaint mechanisms (as a percentage of households that reported having received aid in the past 30 days),of households reporting access to/knowledge<br> of complaint mechanisms,1,1,1,noun_Population Return_2013961,1
f7b,Protection - general,Access to/knowledge of complaint mechanisms,% households with access to and/or knowledge of complaint mechanisms (as a percentage of households that reported having received aid in the past 30 days),of households reporting access to/knowledge<br> of complaint mechanisms,1,1,1,noun_protection_2013966,1
d1_ii,Accountability to affected populations (AAP),Info need - Safety,% of households reporting needing information about safety and security,of households reporting need for <br> safety and security information,1,1,1,noun_Meeting_2009542,0
d1_iii,Accountability to affected populations (AAP),Info need - Housing,% of households reporting needing information about status of housing,of households reporting need for <br> housing information,1,1,1,noun_Meeting_2009542,0
d1_iv,Accountability to affected populations (AAP),Info need - Livelihoods,% of households reporting needing information about livelihoods,of households reporting need for <br> livelihoods information,1,1,1,noun_Meeting_2009542,0
d1_v,Accountability to affected populations (AAP),Info need - Water services,% of households reporting needing information about water services,of households reporting need for <br> water services information,1,1,1,noun_Meeting_2009542,0
d1_vi,Accountability to affected populations (AAP),Info need - Electricity services,% of households reporting needing information about electricity services,of households reporting need for <br> electricity services information,1,1,1,noun_Meeting_2009542,0
d1_vii,Accountability to affected populations (AAP),Info need - Education,% of households reporting needing information about education,of households reporting need for <br> education information,1,1,1,noun_Meeting_2009542,0
d1_viii,Accountability to affected populations (AAP),Info need - Healthcare,% of households reporting needing information about healthcare,of households reporting need for <br> healthcare information,1,1,1,noun_Meeting_2009542,0
d1_i,Accountability to affected populations (AAP),Info need - Aid,% of households reporting needing information about humanitarian assistance,of households reporting need for <br> humanitarian assistance information,1,1,1,noun_Meeting_2009542,0
d1_ix,Accountability to affected populations (AAP),Info need - Legal services,% of households reporting needing information about legal services,of households reporting need for <br> legal services information,1,1,1,noun_Meeting_2009542,0
d1_x,Accountability to affected populations (AAP),Info need - HLP services,"% of households reporting needing information about house, land and property (HLP) services",of households reporting need for <br> land and property services information,1,1,1,noun_Meeting_2009542,0
d1_xi,Accountability to affected populations (AAP),Info need - Explosive hazards,"% of households reporting needing information about explosive hazards clearance (mines, bombs, IEDs)",of households reporting need for <br> explosive hazards information,1,1,1,noun_Meeting_2009542,0
d1_xii,Accountability to affected populations (AAP),Info need - Civil documentation,% of households reporting needing information about renewing official documentation,of households reporting need for <br> official documentation renewal information,1,1,1,noun_Meeting_2009542,0
d1_xiii,Accountability to affected populations (AAP),Info need - None,% of households reporting no information need,of households reporting no  <br> information need,1,1,1,noun_Meeting_2009542,1
d2_ii,Accountability to affected populations (AAP),IDP's preferred info source - Community living in area of origin,% of IDP households preferred information source: Friends and family living in the area of origin,of IDP households reporting friends and<br>family in area of origin as preferred<br>information source,0,1,1,noun_Meeting_2009542,1
d2_iii,Accountability to affected populations (AAP),IDP's preferred info source - Community visited area of origin,% of IDP households preferred information source: Friends and family that visited the area of origin in the past 30 days,of IDP households reporting friends and<br>family recently visiting area of origin as<br> preferred information source,0,1,1,noun_Meeting_2009542,1
d2_iv,Accountability to affected populations (AAP),IDP's preferred info source - Community not in area of origin,% of IDP households preferred information source: Friends and family that have not been in the area of origin,of IDP households reporting friends and<br>family not in area of origin as preferred<br>information source,0,1,1,noun_Meeting_2009542,1
d2_v,Accountability to affected populations (AAP),IDP's preferred info source - Local authorities,% of IDP households preferred information source: Local authorities,of IDP households reporting local<br>authorities as preferred information<br> source,0,1,1,noun_Meeting_2009542,1
d2_vi,Accountability to affected populations (AAP),IDP's preferred info source - National authorities,% of IDP households preferred information source: National authorities,of IDP households reporting national<br>authorities as preferred information<br> source,0,1,1,noun_Meeting_2009542,1
d2_i,Accountability to affected populations (AAP),IDP's preferred info source - Aid actors,% of IDP households preferred information source: NGOs and humanitarian actors,of IDP households reporting NGOs and<br>and humanitarian actors as preferred<br>information source,0,1,1,noun_Meeting_2009542,1
d2_vii,Accountability to affected populations (AAP),IDP's preferred info source - Religious leaders,% of IDP households preferred information source: Religious leaders,of IDP households reporting religious<br>leaders as preferred information source,0,1,1,noun_Meeting_2009542,1
d2_viii,Accountability to affected populations (AAP),IDP's preferred info source - Mukhtars,% of IDP households preferred information source: Mukhtars,of IDP households reporting mukhtars<br> as preferred information source,0,1,1,noun_Meeting_2009542,1
d2_ix,Accountability to affected populations (AAP),IDP's preferred info source - Sector leader,% of IDP households preferred information source: Camp sector leaders,of IDP households reporting camp<br>sector leaders as preferred information<br> source,0,1,1,noun_Meeting_2009542,1
d2_x,Accountability to affected populations (AAP),IDP's preferred info source - School and centres,% of IDP households preferred information source: Schools and community centres,of IDP households reporting schools and<br>community centres as preferred<br>information source,0,1,1,noun_Meeting_2009542,1
d8_i,Accountability to affected populations (AAP),Returnees' preferred info source - Friends,% of returnee households preferred information source: Friends,of returnee households reporting friends <br>as preferred information source,1,0,0,noun_Meeting_2009542,1
d8_ii,Accountability to affected populations (AAP),Returnees' preferred info source - Local authorities,% of returnee households preferred information source: Local Authorities,of returnee households reporting local <br>authorities as preferred information source,1,0,0,noun_Meeting_2009542,1
d8_iii,Accountability to affected populations (AAP),Returnees' preferred info source - Mukhtars,% of returnee households preferred information source: Mukhtars,of returnee households reporting mukhtars <br>as preferred information source,1,0,0,noun_Meeting_2009542,1
d8_iv,Accountability to affected populations (AAP),Returnees' preferred info source - National authorities,% of returnee households preferred information source: National authorities,of returnee households reporting national <br>authorities as preferred information source,1,0,0,noun_Meeting_2009542,1
d8_v,Accountability to affected populations (AAP),Returnees' preferred info source - Aid actors,% of returnee households preferred information source: NGO & humanitarian actors,of returnee households reporting NGOs and <br>humanitarian actors as preferred information<br> source,1,0,0,noun_Meeting_2009542,1
d8_vi,Accountability to affected populations (AAP),Returnees' preferred info source - Religious leaders,% of returnee households preferred information source: Religious leaders,of returnee households reporting religious <br>leaders as preferred information source,1,0,0,noun_Meeting_2009542,1
d8_vii,Accountability to affected populations (AAP),Returnees' preferred info source - Schools and centres,% of returnee households preferred information source: Schools and community centres,of returnee households reporting schools and <br>community centres as preferred information<br> source,1,0,0,noun_Meeting_2009542,1
d8_viii,Accountability to affected populations (AAP),Returnees' preferred info source - Sector leaders,% of returnee households preferred information source: Sector leaders,of returnee households reporting sector <br>leaders as preferred information source,1,0,0,noun_Meeting_2009542,1
d3_ii,Accountability to affected populations (AAP),Info means - Observation,% of households reporting preferred means of receiving information: Direct observation,of households reporting direct <br>observation as preferred means<br> of information ,1,1,1,noun_Meeting_2009542,1
d3_iii,Accountability to affected populations (AAP),Info means - Face to face,% of households reporting preferred means of receiving information: Face-to-face communication (e.g. from friends),of households reporting face-to-face <br>communication as preferred means<br> of information ,1,1,1,noun_Meeting_2009542,1
d3_iv,Accountability to affected populations (AAP),Info means - TV,% of households reporting preferred means of receiving information: Television,of households reporting television <br> as preferred means of information ,1,1,1,noun_Meeting_2009542,1
d3_v,Accountability to affected populations (AAP),Info means - Phone (Voice),% of households reporting preferred means of receiving information: Telephone/mobile phone (Voice call),of households reporting voice calls <br> as preferred means of information ,1,1,1,noun_Meeting_2009542,1
d3_i,Accountability to affected populations (AAP),Info means - Phone (SMS),% of households reporting preferred means of receiving information: Mobile phone (Text SMS),of households reporting SMS messages <br> as preferred means of information ,1,1,1,noun_Meeting_2009542,1
d3_vi,Accountability to affected populations (AAP),Info means - Facebook (App),% of households reporting preferred means of receiving information: Facebook (app),of households reporting facebook <br>app as preferred means of information ,1,1,1,noun_Meeting_2009542,1
d3_vii,Accountability to affected populations (AAP),Info means - Facebook (Messenger),% of households reporting preferred means of receiving information: Facebook (Messenger),of households reporting facebook messenger <br> as preferred means of information ,1,1,1,noun_Meeting_2009542,1
d3_viii,Accountability to affected populations (AAP),Info means - Whatsapp,% of households reporting preferred means of receiving information: Whatsapp,of households reporting whatsapp <br> as preferred means of information ,1,1,1,noun_Meeting_2009542,1
d3_ix,Accountability to affected populations (AAP),Info means - Viber,% of households reporting preferred means of receiving information: Viber,of households reporting viber <br> as preferred means of information ,1,1,1,noun_Meeting_2009542,1
d3_x,Accountability to affected populations (AAP),Info means - Other social media,"% of households reporting preferred means of receiving information: Other social networks (Skype, Instagram, Twitter)",of households reporting other social <br>networks as preferred means of information ,1,1,1,noun_Meeting_2009542,1
d3_xi,Accountability to affected populations (AAP),Info means - Posters,% of households reporting preferred means of receiving information: Notice boards and posters,of households reporting notice boards <br> as preferred means of information ,1,1,1,noun_Meeting_2009542,1
d3_xii,Accountability to affected populations (AAP),Info means - Newspapers,% of households reporting preferred means of receiving information: Newspapers and Magazines,of households reporting newspapers <br>and magazines as preferred means of <br>information ,1,1,1,noun_Meeting_2009542,1
d3_xiii,Accountability to affected populations (AAP),Info means - Leaflets,% of households reporting preferred means of receiving information: Printed leaflet,of households reporting printed leaflets <br> as preferred means of information ,1,1,1,noun_Meeting_2009542,1
d3_xiv,Accountability to affected populations (AAP),Info means - Loudspeaker ,% of households reporting preferred means of receiving information: Loud speakers,of households reporting loud speakers <br> as preferred means of information ,1,1,1,noun_Meeting_2009542,1
d3_xv,Accountability to affected populations (AAP),Info means - Radio,% of households reporting preferred means of receiving information: Radio,of households reporting radio <br> as preferred means of information ,1,1,1,noun_Meeting_2009542,1
d4,Accountability to affected populations (AAP),Received aid,% households reporting to have received aid in the 30 days prior to data collection,of households reporting to have <br>received</b> aid in the past 30 days,1,1,1,noun_Meeting_2009542,1
d5_i,Accountability to affected populations (AAP),Received aid - Cash,% of households reporting to have received cash (as a percentage of households that reported having received aid in the 30 days prior to data collection),of households reporting to have <br>received <b>cash</b> aid in the past 30 days,1,1,1,noun_Meeting_2009542,1
d5_ii,Accountability to affected populations (AAP),Received aid - Food,% of households reporting to have received food (as a percentage of households that reported having received aid in the 30 days prior to data collection),of households reporting to have <br>received <b>food</b> aid in the past 30 days,1,1,1,noun_Meeting_2009542,1
d5_iii,Accountability to affected populations (AAP),Received aid - Water,% of households reporting to have received water (as a percentage of households that reported having received aid in the 30 days prior to data collection),of households reporting to have <br>received <b>water</b> aid in the past 30 days,1,1,1,noun_Meeting_2009542,1
d5_iv,Accountability to affected populations (AAP),Received aid - Fuel,% of households reporting to have received fuel (as a percentage of households that reported having received aid in the 30 days prior to data collection),of households reporting to have <br>received <b>fuel</b> aid in the past 30 days,1,1,1,noun_Meeting_2009542,1
d5_v,Accountability to affected populations (AAP),Received aid - Shelter,% of households reporting to have received shelter (as a percentage of households that reported having received aid in the 30 days prior to data collection),of households reporting to have <br>received <b>shelter</b> aid in the past 30 days,1,1,1,noun_Meeting_2009542,1
d5_vi,Accountability to affected populations (AAP),Received aid - Seasonal items,% of households reporting to have received seasonal items (as a percentage of households that reported having received aid in the 30 days prior to data collection),of households reporting to have <br>received <b>seasonal items</b> aid in the past 30 days,1,1,1,noun_Meeting_2009542,1
d5_vii,Accountability to affected populations (AAP),Received aid - Health services,% of households reporting to have received health services (as a percentage of households that reported having received aid in the 30 days prior to data collection),of households reporting to have <br>received <b>health services</b> aid in the past 30 days,1,1,1,noun_Meeting_2009542,1
d5_viii,Accountability to affected populations (AAP),Received aid - Other NFIs,% of households reporting to have received other non-food items (as a percentage of households that reported having received aid in the 30 days prior to data collection),of households reporting to have <br>received <b>other NFIs</b> aid in the past 30 days,1,1,1,noun_Meeting_2009542,1
d5_ix,Accountability to affected populations (AAP),Received aid - Education services,% of households reporting to have received education services (as a percentage of households that reported having received aid in the 30 days prior to data collection),of households reporting to have <br>received <b>education services</b> aid in the past 30 days,1,1,1,noun_Meeting_2009542,1
d5_x,Accountability to affected populations (AAP),Received aid - Protection services,"% of households reporting to have received protection services, such as legal assistance; psycho-social support; GBV services; child protection services; or explosive hazard risk education (as a percentage of households that reported having received aid in the 30 days prior to data collection)",of households reporting to have <br>received <b>protection services</b> aid in the past 30 days,1,1,1,noun_Meeting_2009542,1
d6,Accountability to affected populations (AAP),Satisfied with aid,% households satisfied with aid received (as a percentage of households that reported having received aid in the 30 days prior to data collection),of households reporting<br> satisfaction with aid received,1,1,1,noun_Meeting_2009542,1
d7,Accountability to affected populations (AAP),Not satisfied - Quantity of aid,% households not satisfied with the quantity of the aid received (as a percentage of households that reported having received aid in the 30 days prior to data collection),of households reporting dissatisfaction <br>with quantity of aid,1,1,1,noun_Meeting_2009542,0
d10,Accountability to affected populations (AAP),Not satisfied - Aid workers,% households not satisfied with aid worker behaviour (as a percentage of households that reported having received aid in the 30 days prior to data collection),of households reporting dissatisfaction <br>with aid worker behaviour,1,1,1,noun_Meeting_2009542,0
d12,Accountability to affected populations (AAP),Access to/knowledge of complaint mechanisms,% households with access to and/or knowledge of complaint mechanisms (as a percentage of households that reported having received aid in the past 30 days),of households reporting access to/knowledge<br> of complaint mechanisms,1,1,1,noun_Meeting_2009542,1
d15,Accountability to affected populations (AAP),Info need on COVID-19 prevention measures,% of households reporting needing more information about COVID-19 prevention measures,of households reporting needing more<br> information about COVID-19 prevention<br> measures,1,1,1,noun_Meeting_2009542,0
a22,Intentions,Attempted return to area of origin (past 12 months),% households that attempted return to their area of origin in the 12 months prior to data collection,of households attempted return<br> to their area of origin in the past<br> 12 months,0,1,1,noun_internally displaced_2009326,1
a24,Intentions,Intending to remain in next three months,% of IDP households that intend to remain in their current location in the 3 months following data collection,of IDP households intend to remain<br> in their current location for the <br>next three months,0,1,1,noun_internally displaced_2009326,0
a25,Intentions,Intending to remain in next twelve months,% of IDP households that intend to remain in their current location in the 12 months following data collection,of IDP households that intend to remain in their current location for the next twelve months,0,1,1,noun_internally displaced_2009326,0
a29,Intentions,Intending to integrate,% of IDP households that intend to integrate into the local community of their current district in the long-term,of IDP households intend to integrate <br>into the local community of their current <br>district in the long-term,0,1,1,noun_internally displaced_2009326,1
a26_i,Intentions,Intend to return - Security situation is stable,% of IDP households reporting reason for their intention to return to AoO: security situation in area of origin is stable (as a percentage of households that reported intending to return),of IDP households intending to return<br> to their area of origin due to <br> stable security situation,0,1,1,noun_internally displaced_2009326,0
a26_ii,Intentions,Intend to return - Cleared of explosive hazards,% of IDP households reporting reason for their intention to return to AoO:  area of origin was cleared of explosive hazards (as a percentage of households that reported intending to return),of IDP households intending to return<br> to their area of origin due to <br> cleared explosive hazards,0,1,1,noun_internally displaced_2009326,0
a26_iii,Intentions,Intend to return - Others have returned,% of IDP households reporting reason for their intention to return to AoO: other family / community members have returned (as a percentage of households that reported intending to return),of IDP households intending to return<br> to their area of origin due to <br> others returning,0,1,1,noun_internally displaced_2009326,0
a26_iv,Intentions,Intend to return - Livelihood options available,% of IDP households reporting reason for their intention to return to AoO:  livelihood options available in AoO (as a percentage of households that reported intending to return),of IDP households intending to return<br> to their area of origin due to <br> livelihood options available,0,1,1,noun_internally displaced_2009326,0
a26_xv,Intentions,Intend to return - Lack of safety for women/girls in current location,% of IDP households reporting reason for their intention to return to AoO:  lack of safety and security for women and girls in area of displacement (as a percentage of households that reported intending to return),of IDP households intending to return<br> to their area of origin due to <br> lack of safety for women/girls in current location,0,1,1,noun_internally displaced_2009326,0
a26_v,Intentions,Intend to return -  Basic services available,"% of IDP households reporting reason for their intention to return to AoO:  basic services (water, electricity, health, education, etc.) available in the area of origin (as a percentage of households that reported intending to return)",of IDP households intending to return<br> to their area of origin due to <br> availability of basic services,0,1,1,noun_internally displaced_2009326,0
a26_vi,Intentions,Intend to return - Emotional desire to return,% of IDP households reporting reason for their intention to return to AoO:  emotional desire to return (as a percentage of households that reported intending to return),of IDP households intending to return<br> to their area of origin due to <br> emotional desire to return,0,1,1,noun_internally displaced_2009326,0
a26_vii,Intentions,Intend to return - Secure land/housing,"% of IDP households reporting reason for their intention to return to AoO: necessary to secure personal housing, land and property (as a percentage of households that reported intending to return)",of IDP households intending to return<br> to their area of origin to <br> secure land/housing,0,1,1,noun_internally displaced_2009326,0
a26_viii,Intentions,Intend to return - Secure civil documentation,% of IDP households reporting reason for their intention to return to AoO: necessary to secure civil documentation (as a percentage of households that reported intending to return),of IDP households intending to return<br> to their area of origin to <br> secure civil documentation,0,1,1,noun_internally displaced_2009326,0
a26_ix,Intentions,Intend to return - Limited livelihoods in current location,% of IDP households reporting reason for their intention to return to AoO:  limited livelihood opportunities in area of displacement (as a percentage of households that reported intending to return),of IDP households intending to return<br> to their area of origin due to <br> limited livelihoods in current location,0,1,1,noun_internally displaced_2009326,0
a26_x,Intentions,Intend to return - Limited services in current location,% of IDP households reporting reason for their intention to return to AoO: limited services in area of displacement (as a percentage of households that reported intending to return),of IDP households intending to return<br> to their area of origin due to <br> limited services in current location,0,1,1,noun_internally displaced_2009326,0
a26_xi,Intentions,Intend to return - Do not feel safe in current location,% of IDP households reporting reason for their intention to return to AoO: do not feel safe in area of displacement (as a percentage of households that reported intending to return),of IDP households intending to return<br> to their area of origin due to <br> do not feel safe in current location,0,1,1,noun_internally displaced_2009326,0
a26_xii,Intentions,Intend to return - Do not feel integrated in current location,% of IDP households reporting reason for their intention to return to AoO: do not feel integrated in the area of displacement (as a percentage of households that reported intending to return),of IDP households intending to return<br> to their area of origin due to <br> do not feel integrated in current location,0,1,1,noun_internally displaced_2009326,0
a26_xiii,Intentions,Intend to return - Facing eviction in current location,% of IDP households reporting reason for their intention to return to AoO: facing eviction in the area of displacement (as a percentage of households that reported intending to return),of IDP households intending to return<br> to their area of origin due to <br> facing eviction in current location,0,1,1,noun_internally displaced_2009326,0
a26_xiv,Intentions,Intend to return - Forced to return,% of IDP households reporting reason for their intention to return to AoO: forced to return by security actors or civilian authoritis (as a percentage of households that reported intending to return),of IDP households intending to return<br> to their area of origin due to <br> forced return,0,1,1,noun_internally displaced_2009326,0
a15_i,Intentions,No intention to return - Security concerns: fear/trauma,% of IDP households reporting reason to not intend to return to AoO: security concerns: fear/trauma associated with returning to place of origin (as a percentage of households that reported not intending to return),of IDP households currently do not intend <br>to return to their area of origin due to <br>security concerns: fear/trauma,0,1,1,noun_internally displaced_2009326,0
a15_ii,Intentions,No intention to return - Lack of security forces,% of IDP households reporting reason to not intend to return to AoO: security concerns: lack of security forces (as a percentage of households that reported not intending to return),of IDP households currently do not intend <br>to return to their area of origin due to <br>lack of security forces,0,1,1,noun_internally displaced_2009326,0
a15_iii,Intentions,No intention to return - Presence of explosive hazards,"% of IDP households reporting reason to not intend to return to AoO: presence of explosive hazards (mines, bombs, IEDs) (as a percentage of households that reported not intending to return)",of IDP households currently do not intend <br>to return to their area of origin due to <br>presence of explosive hazards,0,1,1,noun_internally displaced_2009326,0
a15_iv,Intentions,No intention to return - Discrimination,% of IDP households reporting reason to not intend to return to AoO: fear of discrimination (as a percentage of households that reported not intending to return),of IDP households currently do not intend <br>to return to their area of origin due to <br>discrimination,0,1,1,noun_internally displaced_2009326,0
a15_v,Intentions,No intention to return - Lack of security for women / girls,% of IDP households reporting reason to not intend to return to AoO: lack of safety and security for women and girls (as a percentage of households that reported not intending to return),of IDP households currently do not intend <br>to return to their area of origin due to <br>lack of security for women / girls,0,1,1,noun_internally displaced_2009326,0
a15_xiv,Intentions,No intention to return - Civil registries,% of IDP households reporting reason to not intend to return to AoO: non-restoration of courts and/or civil registries in area of origin (as a percentage of households that reported not intending to return),of IDP households currently do not intend <br>to return to their area of origin due to <br>civil registries,0,1,1,noun_internally displaced_2009326,0
a15_vi,Intentions,No intention to return - Movement restrictions,% of IDP households reporting reason to not intend to return to AoO: movement restrictions (do not have proper paperwork to relocate) (as a percentage of households that reported not intending to return),of IDP households currently do not intend <br>to return to their area of origin due to <br>movement restrictions,0,1,1,noun_internally displaced_2009326,0
a15_vii,Intentions,No intention to return - No documents,% of IDP households reporting reason to not intend to return to AoO: no personal identification documents (as a percentage of households that reported not intending to return),of IDP households currently do not intend <br>to return to their area of origin due to <br>lack of documents,0,1,1,noun_internally displaced_2009326,0
a15_viii,Intentions,No intention to return - No transportation,% of IDP households reporting reason to not intend to return to AoO: no transportation available to return home (as a percentage of households that reported not intending to return),of IDP households currently do not intend <br>to return to their area of origin due to <br>lack of transportation,0,1,1,noun_internally displaced_2009326,0
a15_ix,Intentions,No intention to return - No financial means,% of IDP households reporting reason to not intend to return to AoO: no financial means to return and restart (as a percentage of households that reported not intending to return),of IDP households currently do not intend <br>to return to their area of origin due to <br>lack of financial means,0,1,1,noun_internally displaced_2009326,0
a15_x,Intentions,No intention to return - Lack of livelihood,% of IDP households reporting reason to not intend to return to AoO: lack of livelihood/income generating activities in area of origin (as a percentage of households that reported not intending to return),of IDP households currently do not intend <br>to return to their area of origin due to <br>lack of livelihood,0,1,1,noun_internally displaced_2009326,0
a15_xiii,Intentions,No intention to return - House damaged,% of IDP households reporting reason to not intend to return to AoO: house I own in area of origin has been damaged/destroyed (as a percentage of households that reported not intending to return),of IDP households currently do not intend <br>to return to their area of origin due to <br>house damaged,0,1,1,noun_internally displaced_2009326,0
a15_xii,Intentions,No intention to return - Occupied land,% of IDP households reporting reason to not intend to return to AoO: house/land I own in area of origin is currently occupied (as a percentage of households that reported not intending to return),of IDP households currently do not intend <br>to return to their area of origin due to <br>occupation of land,0,1,1,noun_internally displaced_2009326,0
a15_xi,Intentions,No intention to return - Assets damaged/stolen,% of IDP households reporting reason to not intend to return to AoO: household assets in area of origin have been damaged/stolen (as a percentage of households that reported not intending to return),of IDP households currently do not intend <br>to return to their area of origin due to <br>damaged or stolen assets,0,1,1,noun_internally displaced_2009326,0
a15_xv,Intentions,No intention to return - Markets not functioning,% of IDP households reporting reason to not intend to return to AoO: local markets are not functioning (as a percentage of households that reported not intending to return),of IDP households currently do not intend <br>to return to their area of origin due to <br>markets not functioning,0,1,1,noun_internally displaced_2009326,0
a15_xvi,Intentions,No intention to return - Lack of basic services,"% of IDP households reporting reason to not intend to return to AoO: basic services in the area of origin are not enough/available (electricity, water, health) (as a percentage of households that reported not intending to return)",of IDP households currently do not intend <br>to return to their area of origin due to <br>lack of basic services,0,1,1,noun_internally displaced_2009326,0
a15_xvii,Intentions,No intention to return - Lack of education,% of IDP households reporting reason to not intend to return to AoO: lack of education opportunities for children in the area of origin (as a percentage of households that reported not intending to return),of IDP households currently do not intend <br>to return to their area of origin due to <br>lack of education,0,1,1,noun_internally displaced_2009326,0
a15_xviii,Intentions,No intention to return - Family not returning,% of IDP households reporting reason to not intend to return to AoO: immediate family and network will not return (as a percentage of households that reported not intending to return),of IDP households currently do not intend <br>to return to their area of origin due to <br>family not returning,0,1,1,noun_internally displaced_2009326,0
a15_xix,Intentions,No intention to return - Health condition,% of IDP households reporting reason to not intend to return to AoO: health condition does not allow me to leave the area of displacement (as a percentage of households that reported not intending to return),of IDP households currently do not intend <br>to return to their area of origin due to <br>health condition,0,1,1,noun_internally displaced_2009326,0
a15_xx,Intentions,No intention to return - Children enrolled in school in current location,% of IDP households reporting reason to not intend to return to AoO: children enrolled at school in the area of displacement (as a percentage of households that reported not intending to return),of IDP households currently do not intend <br>to return to their area of origin due to <br>children enrolled in school in current location,0,1,1,noun_internally displaced_2009326,0
a15_xxi,Intentions,No intention to return - Better living conditions,% of IDP households reporting reason to not intend to return to AoO: living conditions are better in the area of displacement (as a percentage of households that reported not intending to return),of IDP households currently do not intend <br>to return to their area of origin due to <br>better living conditions ,0,1,1,noun_internally displaced_2009326,0
a15_xxii,Intentions,No intention to return - Other,% of IDP households reporting reason to not intend to return to AoO: other (as a percentage of households that reported not intending to return),of IDP households currently do not intend <br>to return to their area of origin due to <br>other,0,1,1,noun_internally displaced_2009326,0
a15_xxiii,Intentions,No intention to return - Do not know,% of IDP households reporting reason to not intend to return to AoO: do not know (as a percentage of households that reported not intending to return),of IDP households currently do not intend <br>to return to their area of origin due to <br>unknown,0,1,1,noun_internally displaced_2009326,0
a15_xxiv,Intentions,No intention to return - Decline to answer,% of IDP households reporting reason to not intend to return to AoO: decline to answer (as a percentage of households that reported not intending to return),of IDP households currently do not intend <br>to return to their area of origin due to <br>decline to answer,0,1,1,noun_internally displaced_2009326,0
g67,Intentions,No intention to return - HLP issues,"% of IDP households reporting reason to not intend to return to AoO:  HLP issues (damage/destruction, secondary occupation or unresolved HLP ownership issues) (as a percentage of households that reported not intending to return)",of IDP households not intending<br> to return due to HLP issues,0,1,1,noun_internally displaced_2009326,0
g73,Intentions,No intention to return - Explosive ordnance,% of IDP households reporting reason to not intend to return to AoO: explosive ordnance contamination (as a percentage of households that reported not intending to return),of IDP households not intending to return<br> to their area of origin due to explosive<br> ordnance contamination,0,1,1,noun_internally displaced_2009326,0
